Apex Systems,Sr. VDI System Administrator,https://www.linkedin.com/jobs/view/3784598986/,"Colorado Springs, CO (On-site)",2023-12-15 07:30:16.455928
East End Resources,Senior Linux System Administrator - Trading - Financial Services,https://www.linkedin.com/jobs/view/3766777898/,"New York, NY (On-site)",2023-12-15 07:48:00.969771
LTI - Larsen & Toubro Infotech,Linux Administrator,https://www.linkedin.com/jobs/view/3779850618/,"Irving, TX (On-site)",2023-12-15 07:49:47.439987
Apex Systems,Sr. VDI System Administrator,https://www.linkedin.com/jobs/view/3784598986/,"Colorado Springs, CO (On-site)",2023-12-15 07:49:54.023235
Bull City Talent Group,System Administrator Linux/Unix,https://www.linkedin.com/jobs/view/3765455232/,"Cleveland, OH (On-site)",2023-12-15 07:51:40.799392
Apex Systems,Clearable Systems Administrator,https://www.linkedin.com/jobs/view/3784550506/,"Pleasanton, CA (On-site)",2023-12-15 07:53:29.361016
Jobot,Sr Systems Administrator,https://www.linkedin.com/jobs/view/3785310329/,"Santa Clara, CA (On-site)",2023-12-15 07:55:14.043065
Venteon,Infrastructure Administrator,https://www.linkedin.com/jobs/view/3783649636/,"Novi, MI (On-site)",2023-12-15 07:57:18.253229
Talent Groups,Senior Linux Administrator,https://www.linkedin.com/jobs/view/3786591262/,"Grand Rapids, MI (On-site)",2023-12-15 07:59:05.973195
SpringbokIT,Cloud DBA,https://www.linkedin.com/jobs/view/3784589758/,Dallas-Fort Worth Metroplex (Hybrid),2023-12-15 08:01:06.956933
Vaco,System Administrator / Engineer - Onsite in Durham,https://www.linkedin.com/jobs/view/3781193713/,"Durham, NC (On-site)",2023-12-15 08:02:45.824263
"StarsHR, Inc.",Jr. Linux Admin,https://www.linkedin.com/jobs/view/3784574983/,"Pittsburgh, PA (On-site)",2023-12-15 08:04:36.387719
iShift,"Desktop System Admin (Mac & Windows) - Onsite San Jose, CA - Long Term - (Need Only GREEN CARDS AND US CITIZENS)",https://www.linkedin.com/jobs/view/3784395879/,"San Jose, CA (On-site)",2023-12-15 08:06:36.686206
Open Systems Inc.,Senior AIX System Administrator,https://www.linkedin.com/jobs/view/3774819063/,United States (Remote),2023-12-15 08:08:26.663554
Deutsche Bank,Platinum Unix System Administrator - Assistant Vice President,https://www.linkedin.com/jobs/view/3786543847/,"Jacksonville, FL (Hybrid)",2023-12-15 08:10:01.620088
Doyensys Inc,System Administrator/ PC Technician,https://www.linkedin.com/jobs/view/3786563146/,"Charlotte, NC (On-site)",2023-12-15 08:12:01.101898
"Pinnacle Group, Inc.",Websphere Administrator (z/OS),https://www.linkedin.com/jobs/view/3773420213/,"Columbus, OH (Hybrid)",2023-12-15 08:13:49.808302
KTBS - TV,System Administrator,https://www.linkedin.com/jobs/view/3786555390/,"Shreveport, LA (On-site)",2023-12-15 08:15:43.664272
Mastech Digital,Windows Administrator,https://www.linkedin.com/jobs/view/3784891004/,"Cleveland, OH (On-site)",2023-12-15 08:17:44.896917
Net2Source Inc.,MQ Admin,https://www.linkedin.com/jobs/view/3780632699/,"Richmond, VA (Hybrid)",2023-12-15 08:19:49.033754
"Liberty Personnel Services, Inc.",Systems Admin,https://www.linkedin.com/jobs/view/3786544704/,"Evergreen, MT (On-site)",2023-12-15 08:21:36.500241
"Kelly Science, Engineering, Technology & Telecom",System Administrator,https://www.linkedin.com/jobs/view/3781729382/,Detroit Metropolitan Area (Hybrid),2023-12-15 08:23:14.267998
Apex Systems,Junior System Administrator,https://www.linkedin.com/jobs/view/3784588409/,"Colorado Springs, CO (On-site)",2023-12-15 08:25:20.517826
Jobot,IT Systems Administrator,https://www.linkedin.com/jobs/view/3785316594/,"Big Spring, TX (On-site)",2023-12-15 08:27:16.451091
Jobot,System Administrator,https://www.linkedin.com/jobs/view/3785314362/,"Colstrip, MT (On-site)",2023-12-15 08:29:07.627299
Jobot,System Administrator,https://www.linkedin.com/jobs/view/3785136344/,"Dayton, OH (On-site)",2023-12-15 08:30:57.089751
"Liberty Personnel Services, Inc.",Systems Admin,https://www.linkedin.com/jobs/view/3786544704/,"Evergreen, MT (On-site)",2023-12-15 08:33:15.462875
Jobot,System Administrator,https://www.linkedin.com/jobs/view/3785314362/,"Colstrip, MT (On-site)",2023-12-15 08:33:22.031786
Apex Systems,Linux System Administrator,https://www.linkedin.com/jobs/view/3781739956/,"Arlington County, VA (Remote)",2023-12-15 08:35:33.629848
ManTech,VMware Systems Administrator I - Hype converged Infrastructure (HCI),https://www.linkedin.com/jobs/view/3784597149/,"Port Hueneme, CA (On-site)",2023-12-15 08:37:17.988027
Jobot,System Administrator,https://www.linkedin.com/jobs/view/3785136344/,"Dayton, OH (On-site)",2023-12-15 08:37:26.835677
Eastman Kodak Company,IT Domain Administrator,https://www.linkedin.com/jobs/view/3784574172/,"Rochester, NY (On-site)",2023-12-15 08:39:28.043895
Iron Bow Technologies,Systems Administrator,https://www.linkedin.com/jobs/view/3786584502/,"Tampa, FL (On-site)",2023-12-15 08:41:10.532650
firstPRO 360,Windows System Administrator,https://www.linkedin.com/jobs/view/3784843354/,Atlanta Metropolitan Area (Hybrid),2023-12-15 08:42:56.618186
Jobot,IT Systems Administrator (Hybrid),https://www.linkedin.com/jobs/view/3785310494/,"Philadelphia, PA (Hybrid)",2023-12-15 08:44:50.813208
Acro Service Corp,System Administrator,https://www.linkedin.com/jobs/view/3784815701/,"Carson City, NV (On-site)",2023-12-15 08:46:53.601182
Coforge,Middleware Administrator,https://www.linkedin.com/jobs/view/3781192875/,"Oaks, PA (On-site)",2023-12-15 08:48:52.886651
iVoyant,Administrator,https://www.linkedin.com/jobs/view/3779366641/,"Atlanta, GA (Hybrid)",2023-12-15 08:51:21.857859
Apexon,"IBM DataPower ESB Administrator with ACE, MQ, WSRR, Cloud AWS, Linux and Scripting",https://www.linkedin.com/jobs/view/3766942712/,United States (Remote),2023-12-15 08:54:00.499454
Golden Technology Inc,Network & Systems Administrator!,https://www.linkedin.com/jobs/view/3781184554/,"Maryland Heights, MO (Hybrid)",2023-12-15 08:55:58.569220
Technology Recruiting Solutions,SAP Basis Administrator,https://www.linkedin.com/jobs/view/3786531096/,"Dallas, TX (On-site)",2023-12-15 08:58:00.885824
ProFocus Technology,QNXT Application Systems Administrator II,https://www.linkedin.com/jobs/view/3786454661/,United States (Remote),2023-12-15 09:00:09.396895
"RareCyte, Inc.",RareCyte IT Systems Administrator – Product Support,https://www.linkedin.com/jobs/view/3784843250/,"Seattle, WA (On-site)",2023-12-15 09:02:14.526799
TalentBridge,Remote Fulltime Hiring: Systems Administrator,https://www.linkedin.com/jobs/view/3781776136/,"Des Moines, IA (Remote)",2023-12-15 09:03:54.791111
Robert Half,Hybrid - IT Infrastructure - Systems Administrator,https://www.linkedin.com/jobs/view/3781760294/,"Davie, FL (On-site)",2023-12-15 09:05:58.602272
Captivation,Systems Administrator 1 - Linux/Saison/Ansible,https://www.linkedin.com/jobs/view/3784838412/,"Annapolis Junction, MD (On-site)",2023-12-15 09:08:34.340067
InquisIT,Senior Linux Administrator,https://www.linkedin.com/jobs/view/3781183587/,Washington DC-Baltimore Area (On-site),2023-12-15 09:10:46.199773
HUB International,Systems Administrator Backup and Disaster Recovery Remote,https://www.linkedin.com/jobs/view/3781185709/,"Chicago, IL (Remote)",2023-12-15 09:13:01.646319
Gila County,System Administrator,https://www.linkedin.com/jobs/view/3781749999/,"Globe, AZ (On-site)",2023-12-15 09:14:43.096727
Uptime.com,SRE and System Administrator (Remote across the US),https://www.linkedin.com/jobs/view/3786592038/,"Austin, TX (Remote)",2023-12-15 09:16:23.118708
Intellectt Inc,Senior Linux OS Administrator/Engineer,https://www.linkedin.com/jobs/view/3786460189/,"San Antonio, TX (On-site)",2023-12-15 09:18:22.455442
TalentBridge,Systems Administrator,https://www.linkedin.com/jobs/view/3784860024/,"Des Moines, IA (Remote)",2023-12-15 09:22:00.226406
Intellectt Inc,Senior Linux OS Administrator/Engineer,https://www.linkedin.com/jobs/view/3786460189/,"San Antonio, TX (On-site)",2023-12-15 09:22:07.991607
Prosum,Systems Administrator,https://www.linkedin.com/jobs/view/3781756671/,"Azusa, CA (On-site)",2023-12-15 09:24:20.137432
Apex Systems,Senior Linux Administrator,https://www.linkedin.com/jobs/view/3784827640/,United States (Remote),2023-12-15 09:28:24.382502
Evolutyz Corp,Windows System Administrator,https://www.linkedin.com/jobs/view/3782227038/,"Saline, MI (On-site)",2023-12-15 09:30:23.463154
Axiom Path,Jr. Systems Admin-TS/SCI Clearance,https://www.linkedin.com/jobs/view/3769594773/,"Springfield, VA (On-site)",2023-12-15 09:32:40.294843
The Baer Group,RedHat Linux Admin (15664),https://www.linkedin.com/jobs/view/3763536917/,"Alexandria, VA (On-site)",2023-12-15 09:34:40.319816
Stanley David and Associates,Linux System Administrator,https://www.linkedin.com/jobs/view/3787056971/,"Cleveland, OH (On-site)",2023-12-15 09:36:41.580783
East End Resources,Senior Linux System Administrator - Trading - Financial Services,https://www.linkedin.com/jobs/view/3766777898/,"New York, NY (On-site)",2023-12-15 09:36:49.806814
Axiom Path,Cloud Administrator-TS/SCI Clearance,https://www.linkedin.com/jobs/view/3769588282/,"Springfield, VA (On-site)",2023-12-15 09:39:06.198578
LTI - Larsen & Toubro Infotech,Linux Administrator,https://www.linkedin.com/jobs/view/3779850618/,"Irving, TX (On-site)",2023-12-15 09:39:14.547037
Bull City Talent Group,System Administrator Linux/Unix,https://www.linkedin.com/jobs/view/3765455232/,"Cleveland, OH (On-site)",2023-12-15 09:39:22.202292
Apex Systems,Sr. VDI System Administrator,https://www.linkedin.com/jobs/view/3784598986/,"Colorado Springs, CO (On-site)",2023-12-15 09:39:29.782973
Themesoft Inc.,Sr Lead Exchange and Windows Admin,https://www.linkedin.com/jobs/view/3784595095/,"Warren, NJ (Hybrid)",2023-12-15 09:41:20.855868
Venteon,Infrastructure Administrator,https://www.linkedin.com/jobs/view/3783649636/,"Novi, MI (On-site)",2023-12-15 09:41:28.649952
The Phoenix Group,System Administrator,https://www.linkedin.com/jobs/view/3779166113/,"New York, NY (On-site)",2023-12-15 09:43:22.973841
Prosum,Systems Administrator,https://www.linkedin.com/jobs/view/3781756671/,"Azusa, CA (On-site)",2023-12-15 09:43:32.049982
Vaco,System Administrator / Engineer - Onsite in Durham,https://www.linkedin.com/jobs/view/3781193713/,"Durham, NC (On-site)",2023-12-15 09:43:38.521185
Franklin Fitch,System Administrator,https://www.linkedin.com/jobs/view/3782503997/,San Diego Metropolitan Area (On-site),2023-12-15 09:45:32.876597
Deutsche Bank,Platinum Unix System Administrator - Assistant Vice President,https://www.linkedin.com/jobs/view/3786543847/,"Jacksonville, FL (Hybrid)",2023-12-15 09:45:40.650102
KTBS - TV,System Administrator,https://www.linkedin.com/jobs/view/3786555390/,"Shreveport, LA (On-site)",2023-12-15 09:45:47.328155
The Baer Group,Windows System Administrator (15663),https://www.linkedin.com/jobs/view/3778285412/,"Alexandria, VA (Remote)",2023-12-15 09:48:05.275520
"Kelly Science, Engineering, Technology & Telecom",System Administrator,https://www.linkedin.com/jobs/view/3781729382/,Detroit Metropolitan Area (Hybrid),2023-12-15 09:48:13.898858
Doyensys Inc,System Administrator/ PC Technician,https://www.linkedin.com/jobs/view/3786563146/,"Charlotte, NC (On-site)",2023-12-15 09:48:21.072913
SpringbokIT,Cloud DBA,https://www.linkedin.com/jobs/view/3784589758/,Dallas-Fort Worth Metroplex (Hybrid),2023-12-15 09:48:29.436165
Jobot,System Administrator,https://www.linkedin.com/jobs/view/3785314362/,"Colstrip, MT (On-site)",2023-12-15 09:48:37.610874
"Liberty Personnel Services, Inc.",Systems Admin,https://www.linkedin.com/jobs/view/3786544704/,"Evergreen, MT (On-site)",2023-12-15 09:48:45.681650
"StarsHR, Inc.",Jr. Linux Admin,https://www.linkedin.com/jobs/view/3784574983/,"Pittsburgh, PA (On-site)",2023-12-15 09:48:53.392192
SpringbokIT,Cloud DBA,https://www.linkedin.com/jobs/view/3784589758/,Dallas-Fort Worth Metroplex (Hybrid),2023-12-15 09:55:17.506685
Doyensys Inc,System Administrator/ PC Technician,https://www.linkedin.com/jobs/view/3786563146/,"Charlotte, NC (On-site)",2023-12-15 09:55:25.198402
TECHEAD,System Administrator,https://www.linkedin.com/jobs/view/3786550932/,"Chantilly, VA (On-site)",2023-12-15 09:57:34.126745
Jobot,Sr Systems Administrator,https://www.linkedin.com/jobs/view/3785310329/,"Santa Clara, CA (On-site)",2023-12-15 09:57:42.043184
Bee Talent Solutions,Senior System Administrator,https://www.linkedin.com/jobs/view/3785574796/,"Seattle, WA (Hybrid)",2023-12-15 09:59:25.878032
Coforge,Middleware Administrator,https://www.linkedin.com/jobs/view/3781192875/,"Oaks, PA (On-site)",2023-12-15 09:59:34.569589
Jobot,System Administrator,https://www.linkedin.com/jobs/view/3785314362/,"Colstrip, MT (On-site)",2023-12-15 09:59:41.451808
Eastman Kodak Company,IT Domain Administrator,https://www.linkedin.com/jobs/view/3784574172/,"Rochester, NY (On-site)",2023-12-15 09:59:49.009570
firstPRO 360,Windows System Administrator,https://www.linkedin.com/jobs/view/3784843354/,Atlanta Metropolitan Area (Hybrid),2023-12-15 09:59:57.271102
The Baer Group,Windows System Administrator (15663),https://www.linkedin.com/jobs/view/3778285412/,"Alexandria, VA (Remote)",2023-12-15 10:00:04.347031
Jobot,System Administrator,https://www.linkedin.com/jobs/view/3785136344/,"Dayton, OH (On-site)",2023-12-15 10:00:11.533478
Open Systems Inc.,Senior AIX System Administrator,https://www.linkedin.com/jobs/view/3774819063/,United States (Remote),2023-12-15 10:00:19.492115
CVS Health,Multi-System Youth Program Administrator,https://www.linkedin.com/jobs/view/3787101037/,"New Albany, OH (On-site)",2023-12-15 10:01:58.463110
Iron Bow Technologies,Systems Administrator,https://www.linkedin.com/jobs/view/3786584502/,"Tampa, FL (On-site)",2023-12-15 10:02:05.282555
ManTech,VMware Systems Administrator I - Hype converged Infrastructure (HCI),https://www.linkedin.com/jobs/view/3784597149/,"Port Hueneme, CA (On-site)",2023-12-15 10:02:12.644901
Jobot,IT Systems Administrator (Hybrid),https://www.linkedin.com/jobs/view/3785310494/,"Philadelphia, PA (Hybrid)",2023-12-15 10:02:20.613095
Motion Recruitment,Linux System Administrator,https://www.linkedin.com/jobs/view/3786291792/,"Concord, NC (Remote)",2023-12-15 10:03:58.465138
Genpact,Senior Linux System Administrator,https://www.linkedin.com/jobs/view/3784879225/,"Princeton, NJ (Remote)",2023-12-15 10:06:00.459016
Apex Systems,Linux System Administrator,https://www.linkedin.com/jobs/view/3781739956/,"Arlington County, VA (Remote)",2023-12-15 10:06:07.489937
"RareCyte, Inc.",RareCyte IT Systems Administrator – Product Support,https://www.linkedin.com/jobs/view/3784843250/,"Seattle, WA (On-site)",2023-12-15 10:06:14.521348
Acro Service Corp,System Administrator,https://www.linkedin.com/jobs/view/3784815701/,"Carson City, NV (On-site)",2023-12-15 10:06:21.740471
ProFocus Technology,QNXT Application Systems Administrator II,https://www.linkedin.com/jobs/view/3786454661/,United States (Remote),2023-12-15 10:06:29.152875
Apexon,"IBM DataPower ESB Administrator with ACE, MQ, WSRR, Cloud AWS, Linux and Scripting",https://www.linkedin.com/jobs/view/3766942712/,United States (Remote),2023-12-15 10:06:36.936711
Technology Recruiting Solutions,SAP Basis Administrator,https://www.linkedin.com/jobs/view/3786531096/,"Dallas, TX (On-site)",2023-12-15 10:06:44.728988
TalentBridge,Remote Fulltime Hiring: Systems Administrator,https://www.linkedin.com/jobs/view/3781776136/,"Des Moines, IA (Remote)",2023-12-15 10:06:53.201484
Robert Half,Hybrid - IT Infrastructure - Systems Administrator,https://www.linkedin.com/jobs/view/3781760294/,"Davie, FL (On-site)",2023-12-15 10:08:33.572040
Captivation,Systems Administrator 1 - Linux/Saison/Ansible,https://www.linkedin.com/jobs/view/3784838412/,"Annapolis Junction, MD (On-site)",2023-12-15 10:08:41.779103
Uptime.com,SRE and System Administrator (Remote across the US),https://www.linkedin.com/jobs/view/3786592038/,"Austin, TX (Remote)",2023-12-15 10:10:17.066881
VSolvit,Senior Infrastructure Engineer,https://www.linkedin.com/jobs/view/3743019755/,"Arlington, VA (Hybrid)",2023-12-15 10:14:32.701097
Insight Global,Infrastructure System Engineer,https://www.linkedin.com/jobs/view/3784208499/,"Chicago, IL (Hybrid)",2023-12-15 10:16:46.859171
Gotham Technology Group,Sr System Infrastructure Engineer,https://www.linkedin.com/jobs/view/3783127265/,"Charlotte, NC (Hybrid)",2023-12-15 10:16:55.523474
"LanceSoft, Inc.",Senior System Engineer,https://www.linkedin.com/jobs/view/3778894609/,"Cedar Rapids, IA (On-site)",2023-12-15 10:18:38.202600
EPIC SYSTEMS INC,Systems Engineer with AWS (3225)--Active Secret Clearance,https://www.linkedin.com/jobs/view/3782226738/,"Dulles, VA (On-site)",2023-12-15 10:20:33.455703
EPIC SYSTEMS INC,DevSecOps Systems Engineer (3216)--Active Secret Clearance,https://www.linkedin.com/jobs/view/3782230428/,"Dulles, VA (On-site)",2023-12-15 10:22:36.517298
Saragossa,"Linux Systems Engineer – Hedge Fund - $150,000-250,000 Salary Range + Bonus",https://www.linkedin.com/jobs/view/3785355654/,"New York, NY (On-site)",2023-12-15 10:24:32.764116
iHire,Sr ITS Engineer,https://www.linkedin.com/jobs/view/3787025172/,"Coral Springs, FL (On-site)",2023-12-15 10:24:40.206516
In Technology Group Inc (US),System Engineer,https://www.linkedin.com/jobs/view/3784807268/,Dallas-Fort Worth Metroplex (On-site),2023-12-15 10:26:55.720630
Nesco Resource,Senior Data Engineer,https://www.linkedin.com/jobs/view/3787073969/,"Milwaukee, WI (Hybrid)",2023-12-15 10:29:09.509584
Amtex Systems Inc.,Site Reliability Engineer,https://www.linkedin.com/jobs/view/3787106396/,"Atlanta, GA (Hybrid)",2023-12-15 10:31:22.474908
Gotham Technology Group,Sr System Infrastructure Engineer,https://www.linkedin.com/jobs/view/3783124610/,"Stamford, CT (Hybrid)",2023-12-15 10:31:31.012354
Webologix Ltd/ INC,Azure Platform Devops support Engineer,https://www.linkedin.com/jobs/view/3787110171/,"Bellevue, WA (On-site)",2023-12-15 10:33:29.370489
Lumicity,Sr. Systems Engineer,https://www.linkedin.com/jobs/view/3781726658/,"New Mexico, United States (On-site)",2023-12-15 10:35:18.897969
Optomi,Systems Engineer,https://www.linkedin.com/jobs/view/3781732074/,"Orlando, FL (Hybrid)",2023-12-15 10:37:18.867845
MetroStar,Sr. DevOps Engineer 4865,https://www.linkedin.com/jobs/view/3785350607/,United States (Remote),2023-12-15 10:39:00.296604
Engtal,Senior System Engineer,https://www.linkedin.com/jobs/view/3781725929/,"Virginia, United States (On-site)",2023-12-15 10:41:00.828829
Vertex Solutions Inc.,Systems Engineer,https://www.linkedin.com/jobs/view/3786582308/,"Columbus, Ohio Metropolitan Area (Hybrid)",2023-12-15 10:43:21.130706
Net2Source Inc.,Devops Security Engineer,https://www.linkedin.com/jobs/view/3778494974/,"San Francisco, CA (On-site)",2023-12-15 10:45:21.801806
Net2Source Inc.,Senior System Engineer,https://www.linkedin.com/jobs/view/3786539984/,"Oshkosh, WI (On-site)",2023-12-15 10:47:22.326552
Avacend Inc,DevOps Engineer V,https://www.linkedin.com/jobs/view/3782223888/,"Charlotte, NC (Hybrid)",2023-12-15 10:49:24.676004
Insight Global,Site Reliability Engineer,https://www.linkedin.com/jobs/view/3782227307/,"Atlanta, GA (Hybrid)",2023-12-15 10:51:39.441230
Vertex Solutions Inc.,Server-Side Systems Engineer,https://www.linkedin.com/jobs/view/3781747133/,"Columbus, Ohio Metropolitan Area (Hybrid)",2023-12-15 10:53:50.414332
CCS Global Tech,System Engineer(TS/SCI),https://www.linkedin.com/jobs/view/3786435746/,"Chantilly, VA (On-site)",2023-12-15 10:55:45.844577
"Anglicotech, LLC",Maritime Senior Systems Engineer 053-23,https://www.linkedin.com/jobs/view/3787083138/,"New Orleans, LA (On-site)",2023-12-15 10:57:54.513006
Optomi,System Engineer,https://www.linkedin.com/jobs/view/3781747553/,"Orlando, FL (Hybrid)",2023-12-15 11:02:49.490069
Atlas Search,System Engineer,https://www.linkedin.com/jobs/view/3784847494/,"Miami, FL (On-site)",2023-12-15 11:02:56.281072
Jobot,Cloud Support Engineer,https://www.linkedin.com/jobs/view/3785314626/,"Nashville, TN (Remote)",2023-12-15 11:03:02.096765
ICE,Senior Release Engineer,https://www.linkedin.com/jobs/view/3767011750/,"Atlanta, GA (Hybrid)",2023-12-15 11:03:08.380820
CCS Global Tech,System Engineer(TS/SCI),https://www.linkedin.com/jobs/view/3786435746/,"Chantilly, VA (On-site)",2023-12-15 11:03:16.674483
MetroStar,Sr. DevOps Engineer 4865,https://www.linkedin.com/jobs/view/3785350607/,United States (Remote),2023-12-15 11:03:25.005601
Kastech Software Solutions Group,Linux Kernel Engineer,https://www.linkedin.com/jobs/view/3787074418/,"North Dakota, United States (Remote)",2023-12-15 11:03:32.321661
"RTI Consulting, LLC",Systems Engineer Active TS/SCI w/Poly,https://www.linkedin.com/jobs/view/3760617651/,"Columbia, MD (On-site)",2023-12-15 11:07:16.205578
BGSF,Data Engineer,https://www.linkedin.com/jobs/view/3784594933/,"Nashville, TN (Hybrid)",2023-12-15 11:07:21.863068
EPIC SYSTEMS INC,Systems Engineer with AWS (3225)--Active Secret Clearance,https://www.linkedin.com/jobs/view/3782226738/,"Dulles, VA (On-site)",2023-12-15 11:07:28.321834
fierlo,Senior Site Reliability Engineer,https://www.linkedin.com/jobs/view/3787014914/,"New York, NY (Hybrid)",2023-12-15 11:07:34.777368
Jobot,Platform Engineer,https://www.linkedin.com/jobs/view/3785134522/,"Bronx, NY (On-site)",2023-12-15 11:07:42.190953
Shoals Technologies Group,Security Engineer,https://www.linkedin.com/jobs/view/3784851969/,"Portland, TN (Hybrid)",2023-12-15 11:07:48.244545
MedQuest Associates,Security Engineer,https://www.linkedin.com/jobs/view/3784838921/,"Alpharetta, GA (On-site)",2023-12-15 11:07:54.939482
"Diversified Services Network, Inc.",Software Engineer,https://www.linkedin.com/jobs/view/3787120107/,"Chicago, IL (Hybrid)",2023-12-15 11:11:35.185537
LTI - Larsen & Toubro Infotech,Hadoop Administrator,https://www.linkedin.com/jobs/view/3733824392/,"Tampa, FL (On-site)",2023-12-15 11:11:42.524387
Palo Alto Networks,Systems Engineer - Strategics - Ohio/Michigan,https://www.linkedin.com/jobs/view/3785149618/,"Michigan, United States (On-site)",2023-12-15 11:11:49.694885
Masis Professional Group,Enterprise Applications Engineer,https://www.linkedin.com/jobs/view/3784817886/,"Hackensack, NJ (On-site)",2023-12-15 11:11:56.836373
Algo Capital Group,Core Software Engineer,https://www.linkedin.com/jobs/view/3769254274/,"New York, NY (Hybrid)",2023-12-15 11:12:03.158984
Advantage Tech,Cloud Security Engineer,https://www.linkedin.com/jobs/view/3781750149/,Kansas City Metropolitan Area (Hybrid),2023-12-15 11:12:08.786823
Visionary Innovative Technology Solutions LLC,"12Years--Cloud Infrastructure Engineer with Kubernetes and Azure--Chicago, IL--Full Time",https://www.linkedin.com/jobs/view/3784842263/,"Chicago, IL (Hybrid)",2023-12-15 11:12:15.866691
Verisk,Senior VMWare Cloud Engineer,https://www.linkedin.com/jobs/view/3786584235/,"Boston, MA (On-site)",2023-12-15 11:15:54.973503
EPIC SYSTEMS INC,DevOps Systems Engineer - Active Secret Clearance,https://www.linkedin.com/jobs/view/3779379582/,"Dulles, VA (On-site)",2023-12-15 11:16:01.295927
"LanceSoft, Inc.",Embedded Engineer,https://www.linkedin.com/jobs/view/3781732153/,"Peachtree City, GA (On-site)",2023-12-15 11:16:06.893979
Visionary Innovative Technology Solutions LLC,"Onsite role - Cloud Infrastructure engineer wtih Kubernetes and Azure- -Chicago, IL- Full time",https://www.linkedin.com/jobs/view/3784838628/,"Chicago, IL (On-site)",2023-12-15 11:16:12.816411
Harnham,Software Engineering Lead,https://www.linkedin.com/jobs/view/3786534311/,Greater Pittsburgh Region (Hybrid),2023-12-15 11:16:18.420252
BlueChip Financial,Principal Software Engineer,https://www.linkedin.com/jobs/view/3784802099/,"Atlanta, GA (On-site)",2023-12-15 11:16:24.573584
Alpha Consulting Corp.,Data Engineer,https://www.linkedin.com/jobs/view/3784870882/,"Devens, MA (On-site)",2023-12-15 11:16:31.966928
